{
    "root_group": {
        "path": "",
        "id": "d41d8cd98f00b204e9800998ecf8427e",
        "groups": {},
        "checks": {},
        "name": ""
    },
    "metrics": {
        "http_req_sending": {
            "avg": 0.07211111111111113,
            "min": 0.037,
            "med": 0.0645,
            "max": 0.142,
            "p(90)": 0.1097,
            "p(95)": 0.12585
        },
        "data_received": {
            "count": 62186,
            "rate": 2965.3353414412977
        },
        "http_req_blocked": {
            "min": 0.01,
            "med": 0.018000000000000002,
            "max": 429.677,
            "p(90)": 0.047,
            "p(95)": 64.49149999999968,
            "avg": 23.891000000000002
        },
        "http_req_waiting": {
            "avg": 138.4286666666667,
            "min": 110.846,
            "med": 118.921,
            "max": 471.953,
            "p(90)": 126.9503,
            "p(95)": 182.17609999999974
        },
        "vus_max": {
            "min": 1,
            "max": 1,
            "value": 1
        },
        "http_req_receiving": {
            "max": 0.383,
            "p(90)": 0.3387,
            "p(95)": 0.35069999999999996,
            "avg": 0.22716666666666663,
            "min": 0.088,
            "med": 0.2125
        },
        "vus": {
            "value": 1,
            "min": 1,
            "max": 1
        },
        "iteration_duration": {
            "max": 1545.305125,
            "p(90)": 1235.7656670000001,
            "p(95)": 1485.21876695,
            "avg": 1164.8042105555555,
            "min": 1112.792042,
            "med": 1122.6151665
        },
        "iterations": {
            "count": 18,
            "rate": 0.8583288223385226
        },
        "http_req_duration{expected_response:true}": {
            "avg": 138.72794444444446,
            "min": 111.094,
            "med": 119.1575,
            "max": 472.288,
            "p(90)": 127.29190000000001,
            "p(95)": 182.39294999999976
        },
        "http_req_tls_handshaking": {
            "p(90)": 0,
            "p(95)": 38.87759999999981,
            "avg": 14.399111111111113,
            "min": 0,
            "med": 0,
            "max": 259.184
        },
        "data_sent": {
            "count": 3183,
            "rate": 151.7811467501954
        },
        "http_req_duration": {
            "med": 119.1575,
            "max": 472.288,
            "p(90)": 127.29190000000001,
            "p(95)": 182.39294999999976,
            "avg": 138.72794444444446,
            "min": 111.094,
            "thresholds": {
                "p(99)<400": true
            }
        },
        "http_req_failed": {
            "passes": 0,
            "fails": 18,
            "value": 0
        },
        "http_req_connecting": {
            "avg": 5.844166666666666,
            "min": 0,
            "med": 0,
            "max": 105.195,
            "p(90)": 0,
            "p(95)": 15.77924999999992
        },
        "http_reqs": {
            "rate": 0.8583288223385226,
            "count": 18
        }
    }
}